Carimbo de data/hora,Idade:,Género:,Profissão:,Quais eram os seus principais objetivos quando se inscreveu no ginásio?,O que é que o levou a escolher o Liberty Fitness Center? (de entre os diferentes centros de fitness em que se ponderou inscrever).,O que é que mais valoriza no Liberty Fitness Center?,"Se frequenta as aulas de grupo, quais são as suas favoritas?",Quais destas redes social / plataformas online que costuma utilizar?,Como é que nos conheceu?,"De 1 a 10, com base na sua satisfação, qual seria a probabilidade de indicar o nosso Fitness Center a um amigo?"
2023/07/31 18:16:02,18,Feminino,estudante,"Perder peso, Previnir problemas de saúde, Melhorar a autoestima",melhor relação qualidade preço,"Estacionamento gratuito, Número de máquinas, Dimensão do espaço, Horários das aulas de grupo, Simpatia do staff",Localizada e GAP,"Instagram, TikTok, WhatsApp",Recomendação de um amigo,8
2023/07/31 18:16:25,30,Feminino,Cuidadora ,"Perder peso, Aumentar a flexibilidade, Previnir problemas de saúde, Aumentar a massa muscular, Melhorar a autoestima",Mais próximo ao minha casa e trabalho ,"Número de máquinas, Condições dos balneários, Horários das aulas de grupo","Pilates, localizada, yoga","Instagram, Facebook, WhatsApp",,8
2023/07/31 18:18:08,43,Feminino,Cabeleireira ,Perder peso,O que estava mais perto do local de trabalho ,"Estacionamento gratuito, Dimensão do espaço, Horários das aulas de grupo",Cycling ,"Instagram, Facebook",,8
2023/07/31 18:18:26,44,Feminino,Engenheira ,"Previnir problemas de saúde, Acalmar o stress / Razões de Saúde Mental, Melhorar a autoestima","No início, quando era no centro, foi a localização e preço.  Depois,  com a troca da localização,  foram os  professores, as aulas que tinham na parte da manhã e a manutenção do preço.  ","Estacionamento gratuito, Horários das aulas de grupo, Os professores das aulas em grupo. Das aulas que ainda restam, pois estão a tirar muitas. ","Hit, cycling, localizada.  Mas gostava muito de body pump, Cross training e jump que não tem mais de manhã.   ","Instagram, Facebook, WhatsApp, Google",Localização ,7
2023/07/31 18:22:55,41,Feminino,Professora ,"Perder peso, Aumentar a flexibilidade, Previnir problemas de saúde",Melhores instalações e mapa de aulas diversificado (ainda na avenida central),"Simpatia do staff, Era o mapa de aulas diversificado",Localizada; gluteos; GAP; pilates e Pump,"Instagram, Facebook, WhatsApp, Google",Recomendação de um amigo,7
2023/07/31 18:23:04,46,Feminino,contabilista certificada,Acalmar o stress / Razões de Saúde Mental,a antiga localização ,professores aulas de grupo,"pilates , localizada, ","Instagram, Facebook",Recomendação de um amigo,7
2023/07/31 18:24:56,28,Feminino,Operário fabril ,Aumentar a massa muscular,O mais próximo da minha casa,"Estacionamento gratuito, Número de máquinas, Dimensão do espaço, Condições dos balneários, Pouco tempo de espera para usar as máquinas, Horários das aulas de grupo, Simpatia do staff",,"Instagram, WhatsApp",Recomendação de um amigo,9
2023/07/31 18:25:26,19,Masculino,Empresário ,Aumentar a massa muscular,O valor da entrada ,"Número de máquinas, Condições dos balneários, Pouco tempo de espera para usar as máquinas, Simpatia do staff",,"Instagram, TikTok, WhatsApp, Google",Recomendação de um amigo,9
2023/07/31 18:27:07,45,Masculino,ARQUITETO,"Previnir problemas de saúde, Acalmar o stress / Razões de Saúde Mental",,"Estacionamento gratuito, Dimensão do espaço",CROSSFIT,,Recomendação de um amigo,9
2023/07/31 18:29:02,53,Feminino,Professora,"Perder peso, Previnir problemas de saúde, Melhorar a autoestima",A localização ,"Estacionamento gratuito, Número de máquinas, Dimensão do espaço, Simpatia do staff","Localizada, cicling, 3b...","Instagram, Facebook",Recomendação de um amigo,7
2023/07/31 18:30:02,52,Feminino,Esteticista ,"Acalmar o stress / Razões de Saúde Mental, Aumentar a massa muscular",Localização ,Horários das aulas de grupo,"Localizada, pilates e crossfit ","Instagram, Facebook, TikTok, WhatsApp, Google",Parceiros,8
2023/07/31 18:30:20,40,,Fisioterapeuta ,"Perder peso, Aumentar a flexibilidade, Previnir problemas de saúde, Acalmar o stress / Razões de Saúde Mental, Aumentar a massa muscular, Melhorar a autoestima",Estava inscrita desde a avenida ,"Horários das aulas de grupo, Hábito","Body Pump, cycling, pilates, cross","Instagram, WhatsApp, Twitter",Na avenida era próximo do trabalho ,4
2023/07/31 18:30:50,38,Masculino,Enfermeiro,"Recuperar a mobilidade, Previnir problemas de saúde, Aumentar a massa muscular",,"Pouco tempo de espera para usar as máquinas, Horários das aulas de grupo, Simpatia do staff",Cross training,,,7
2023/07/31 18:30:50,27,Masculino,Estudante,"Aumentar a massa muscular, Melhorar a autoestima",Qualidade dos profissionais ,"Estacionamento gratuito, Número de máquinas, Dimensão do espaço, Condições dos balneários, Simpatia do staff, Presença de PTs e professores",,"Instagram, WhatsApp",Recomendação de um amigo,10
2023/07/31 18:31:08,33,Masculino,Eng. de Software,"Perder peso, Recuperar a mobilidade, Previnir problemas de saúde, Aumentar a massa muscular",Proximidade e protocolo com a empresa,"Estacionamento gratuito, Dimensão do espaço, Pouco tempo de espera para usar as máquinas, Simpatia do staff",,"WhatsApp, Google",Parceiros,8
2023/07/31 18:32:12,48,Feminino,fotografa,"Aumentar a flexibilidade, Previnir problemas de saúde, Aumentar a massa muscular",Localização e preço,"Estacionamento gratuito, Número de máquinas, Dimensão do espaço, Horários das aulas de grupo, Simpatia do staff, Presença de PTs e professores",pilates e cycling,"Instagram, WhatsApp, Google",Recomendação de um amigo,9
2023/07/31 18:33:44,44,Feminino,Arquitecta,"Aumentar a flexibilidade, Aumentar a massa muscular",A antiga localização ,"Estacionamento gratuito, Simpatia do staff, Mensalidade ",Localizada e pilates ,Instagram,Anterior localização ,5
2023/07/31 18:33:53,47,Feminino,Executiva,"Previnir problemas de saúde, Aumentar a massa muscular, Melhorar a autoestima","O local. Era no centro e favorecia a questão de deslocamento. E o valor, claro.","Estacionamento gratuito, Número de máquinas, Dimensão do espaço",,"Instagram, Facebook, WhatsApp, Google",Recomendação de um amigo,8
2023/07/31 18:35:28,18,Feminino,Estudante,"Aumentar a massa muscular, Melhorar a autoestima",Praticidade de deslocamento e preço,"Pouco tempo de espera para usar as máquinas, Simpatia do staff",,"Instagram, Facebook",Recomendação de um amigo,9
2023/07/31 18:36:14,33,Prefiro não dizer,HR,Aumentar a flexibilidade,Aula em grupo,Horários das aulas de grupo,Zumba,Instagram,Recomendação de um amigo,6
2023/07/31 18:36:39,62,Feminino,Inspetor tributario,"Aumentar a flexibilidade, Recuperar a mobilidade, Acalmar o stress / Razões de Saúde Mental",Preco,"Estacionamento gratuito, Horários das aulas de grupo",Cycling,"Instagram, Facebook, WhatsApp",Recomendação de um amigo,6
2023/07/31 18:36:59,44adm,Feminino,Administrativa,"Perder peso, Previnir problemas de saúde, Acalmar o stress / Razões de Saúde Mental, Melhorar a autoestima",Localização,"Estacionamento gratuito, Simpatia do staff, Presença de PTs e professores, Aulas de grupo","Pilates,zumba ","Instagram, Facebook, WhatsApp",Parceiros,8
2023/07/31 18:37:03,65,Masculino,aposentado,"Perder peso, Melhorar a autoestima",O local e o pessoal que lá trabalha - PT,"Dimensão do espaço, Horários das aulas de grupo, Simpatia do staff, Presença de PTs e professores",Pilates e cicling,"Instagram, Facebook",Recomendação de um amigo,10
2023/07/31 18:37:24,30,Feminino,Web design,"Perder peso, Previnir problemas de saúde, Aumentar a massa muscular, Melhorar a autoestima",Era o mais perto de casa,"Estacionamento gratuito, Número de máquinas, Dimensão do espaço, Pouco tempo de espera para usar as máquinas, Horários das aulas de grupo, Simpatia do staff, Presença de PTs e professores, Pelo Júlio e pela Lúcia ","Cycling, porém os horários são horríveis, não tem como chegar às 18:30...seria muito mais viável a todos ter uma aula às 19h e outra as 20h","Instagram, WhatsApp",Andando na liberdade ,8
2023/07/31 18:40:40,,Prefiro não dizer,,Perder peso,Perto de casa e não ter fidelização ,"Simpatia do staff, Tudo no geral ",Zumba ( gostava que tivesse power jump),Instagram,Já tinha frequentado ,8
2023/07/31 18:41:55,38,Feminino,Engenheira informática ,"Perder peso, Previnir problemas de saúde, Acalmar o stress / Razões de Saúde Mental",O fato de não ter fidelidade de 1 ano.,"Dimensão do espaço, Horários das aulas de grupo, Simpatia do staff","Zumba e pilates (faltou perguntar o que pode ser melhorado, então deixo aqui uma observação de que o ginásio é muito quente e causa desconforto durante as atividades físicas)","Instagram, Google, Twitter",Parceiros,8
2023/07/31 18:43:03,60,Feminino,Inspector  tributário,"Perder peso, Aumentar a flexibilidade, Recuperar a mobilidade, Previnir problemas de saúde","A data da minha inscrição (anteriores instalações),por se tratar  do ginásio melhor situado ",Simpatia do staff,"Localizada, 3 B, HIT e GAP",Facebook,Recomendação de um amigo,1
2023/07/31 18:44:43,33,Feminino,,"Perder peso, Acalmar o stress / Razões de Saúde Mental, Aumentar a massa muscular, Melhorar a autoestima",,"Estacionamento gratuito, Número de máquinas, Condições dos balneários",,Instagram,Recomendação de um amigo,6
2023/07/31 18:44:59,32,,Estilista unhas,"Previnir problemas de saúde, Aumentar a massa muscular",,"Estacionamento gratuito, Dimensão do espaço",,Instagram,Pela antiga localização ,7
2023/07/31 18:45:14,23,Feminino,Trabalhadora-estudante ,"Perder peso, Acalmar o stress / Razões de Saúde Mental, Aumentar a massa muscular",,"Estacionamento gratuito, Simpatia do staff",Body attack ,"Instagram, Facebook, TikTok, WhatsApp, Google, Twitter",,6
2023/07/31 18:49:51,59,Feminino,Professora,"Recuperar a mobilidade, Previnir problemas de saúde, Melhorar a autoestima",O apoio clínico (PT clínico) em ambiente não    Clínico ou hospitalar.,"Simpatia do staff, Presença de PTs e professores, Possibilidade ‘em personalizar as aulas face às minhas patologias.",Do professor Mateo.,"WhatsApp, Google",Recomendação de um amigo,9
2023/07/31 18:51:47,25,Feminino,Estudante universitária ,"Aumentar a flexibilidade, Acalmar o stress / Razões de Saúde Mental, Aumentar a massa muscular, Melhorar a autoestima","O facto de ser perto de casa, das modalidades como yoga e body balance, dos profissionais, o espaço e o profissionalismo de todos os profissionais.","Condições dos balneários, Horários das aulas de grupo, Simpatia do staff, Presença de PTs e professores, Bons profissionais ","Body balance, yoga e pilates","Instagram, Facebook, WhatsApp, Google",Recomendação de um amigo,9
2023/07/31 18:59:28,38,Feminino,Gestora,"Perder peso, Previnir problemas de saúde, Acalmar o stress / Razões de Saúde Mental",A localização na avenida da liberdade e a beleza do espaço que tinha muitas janelas.,"Presença de PTs e professores, Neste momento só faço aula de cycling porque gosto muito das aulas do professor. A nova sala comum é horrível (muito barulhenta)",Cycling,"Instagram, Facebook, TikTok, WhatsApp, Telegram, Google",,6
2023/07/31 19:02:47,39,Feminino,Researcher,"Previnir problemas de saúde, Acalmar o stress / Razões de Saúde Mental, Aumentar a massa muscular","The gym was very close to my house when it was in the city centre and since I got used to the gym, I decided to continue at the new location ","Número de máquinas, Dimensão do espaço, Simpatia do staff, Presença de PTs e professores",I don't go for group classes ,Instagram,Pesquisa Google,9
2023/07/31 19:04:02,24,Feminino,Designer,Aumentar a massa muscular,Influência de outros sócios ,"Estacionamento gratuito, Número de máquinas, Dimensão do espaço",Não frequento,Instagram,Recomendação de um amigo,7
2023/07/31 19:07:11,59,Masculino,Professor,"Previnir problemas de saúde, Acalmar o stress / Razões de Saúde Mental",Proximidade,"Dimensão do espaço, Pouco tempo de espera para usar as máquinas, Horários das aulas de grupo, Simpatia do staff",Cycling; Body Attack; localizada; six pac; pump,WhatsApp,Pesquisa Google,7
2023/07/31 19:08:22,35,Feminino,Babysitting ,"Perder peso, Previnir problemas de saúde, Aumentar a massa muscular, Melhorar a autoestima",Localização e marketing ,"Estacionamento gratuito, Número de máquinas, Dimensão do espaço, Condições dos balneários, Pouco tempo de espera para usar as máquinas, Horários das aulas de grupo, Simpatia do staff, Equipamentos especializados, Acompanhamento dado a iniciantes",,"Instagram, Facebook, TikTok, WhatsApp",Pesquisa Google,10
2023/07/31 19:09:25,22,Masculino,Universitário ,Aumentar a massa muscular,Estudava perto,Presença de PTs e professores,,Instagram,Recomendação de um amigo,5
2023/07/31 19:10:09,32,Feminino,Administrativa ,"Acalmar o stress / Razões de Saúde Mental, Aumentar a massa muscular",Sugestão de amiga e proximidade. ,"Estacionamento gratuito, Dimensão do espaço",Cycling,Instagram,Recomendação de um amigo,8
2023/07/31 19:16:04,21,Feminino,,"Perder peso, Aumentar a massa muscular, Melhorar a autoestima",Localização mais próxima ,"Estacionamento gratuito, Número de máquinas, Dimensão do espaço",,"Instagram, WhatsApp",Instagram,8
2023/07/31 19:20:59,40 anos ,Feminino,Acabadora,Previnir problemas de saúde,"Escolhi o liberty por ser perto da minha casa!
 Mesmo que o ginásio tenha mudado para outro lugar ainda vale a pena.","Estacionamento gratuito, Número de máquinas, Dimensão do espaço, Horários das aulas de grupo, Simpatia do staff, Equipamentos especializados, Presença de PTs e professores",Localizada e cycling ,"Instagram, Facebook, TikTok, WhatsApp",Recomendação de um amigo,9
2023/07/31 19:21:16,36,Feminino,Restauração ,"Perder peso, Previnir problemas de saúde","Quando me inscrevi, à muitos anos atrás, a centralidade. Neste momento, mantenho me nas vossas instalações, devido a determinadas pessoas ainda se manterem aí. Quando falo em pessoas, falo na ""família liberty"".","Horários das aulas de grupo, Simpatia do staff, Presença de PTs e professores, E a ""família "" que foi criada ao longo dos anos!","Cross, cycling, pump, hiit, attack!","Instagram, Facebook, WhatsApp, Google","Desde que ainda estavam em obras, no centro!",7
2023/07/31 19:21:42,30,Feminino,Fisioterapeuta ,"Acalmar o stress / Razões de Saúde Mental, Aumentar a massa muscular, Melhorar a autoestima","Localização (quando era no centro da cidade), agora mantenho-me pelo staff ","Estacionamento gratuito, Dimensão do espaço, Simpatia do staff, Presença de PTs e professores, Valorizo muito as aulas de grupo, mas neste momento são pouquíssimas ","GAP, Body Pump, Localizada, Pilates","Instagram, WhatsApp","Por localização do espaço anterior, via de passagem",5
2023/07/31 19:27:57,34,Masculino,Fisioterapeuta,"Recuperar a mobilidade, Previnir problemas de saúde, Aumentar a massa muscular",Ter ginásio e crosstraing num só local.,Crosstraing,Crosstraing,"Instagram, Facebook, WhatsApp, Telegram",Recomendação de um amigo,2
2023/07/31 19:30:20,36,Masculino,Programador Informático,"Aumentar a flexibilidade, Recuperar a mobilidade, Acalmar o stress / Razões de Saúde Mental, Aumentar a massa muscular",Localização ,"Número de máquinas, Dimensão do espaço",,Google,Recomendação de um amigo,7
2023/07/31 19:30:52,25,Feminino,Dentista ,Aumentar a massa muscular,Localização ,"Estacionamento gratuito, Número de máquinas, Dimensão do espaço, Condições dos balneários, Simpatia do staff, Presença de PTs e professores",,"Instagram, WhatsApp",Recomendação de um amigo,9
2023/07/31 19:40:05,29,Feminino,,"Previnir problemas de saúde, Acalmar o stress / Razões de Saúde Mental",,Horários das aulas de grupo,"Body attack, cycling e 3B",,Localização no centro ,5
2023/07/31 19:40:41,43,Masculino,Empresário ,Aumentar a massa muscular,Localização ,"Estacionamento gratuito, Horários das aulas de grupo",Hitt e CrossFit ,WhatsApp,Pesquisa Google,2
2023/07/31 19:41:13,31,Feminino,Data Scientist,"Perder peso, Aumentar a massa muscular, Melhorar a autoestima",Boa localização,"Dimensão do espaço, Simpatia do staff",,"Instagram, WhatsApp",Recomendação de um amigo,6
2023/07/31 19:46:52,63,Feminino,Reformada,"Aumentar a flexibilidade, Previnir problemas de saúde, Aumentar a massa muscular","Proximidade (quando era na Avenida da Liberdade, depois por gostar e já estar habituada).","Número de máquinas, Dimensão do espaço, Condições dos balneários, Pouco tempo de espera para usar as máquinas, Horários das aulas de grupo, Simpatia do staff, Presença de PTs e professores","Ciclismo, localizada e pilates","Facebook, WhatsApp",Por conhecimento direto ,10
2023/07/31 19:48:19,44,Masculino,Emp. Mesa,"Perder peso, Aumentar a flexibilidade, Aumentar a massa muscular, Melhorar a autoestima","Ja ti ha frequentado antes,e qdpensei em voltar, procurei de novo o liberty","Estacionamento gratuito, Número de máquinas, Dimensão do espaço, Condições dos balneários, Pouco tempo de espera para usar as máquinas, Simpatia do staff, Presença de PTs e professores",Não ,"Instagram, Facebook, WhatsApp",Recomendação de um amigo,9
2023/07/31 19:48:41,46,Masculino,,"Perder peso, Acalmar o stress / Razões de Saúde Mental, Aumentar a massa muscular, Melhorar a autoestima",Preço e distância ,Estacionamento gratuito,Pilates,Facebook,Era perto de casa,3
2023/07/31 19:54:48,34,Feminino,Suporte técnico ,"Previnir problemas de saúde, Aumentar a massa muscular","Apenas por causa de instrutores antigos vindo do “verdadeiro” Liberty. E claro, pela mensalidade antiga que actualmente tenho. ",Estacionamento gratuito,Cycling & Body Attack ,Instagram,1º Liberty ,2
2023/07/31 19:56:40,18,Masculino,Estudante,Aumentar a massa muscular,,"Condições dos balneários, Simpatia do staff, Equipamentos especializados",,"Instagram, TikTok, WhatsApp, Google, Twitter",Recomendação de um amigo,7
2023/07/31 20:01:35,46,Feminino,Terapeuta medicina chinesa ,"Previnir problemas de saúde, Aumentar a massa muscular","O motivo da minha inscrição na altura da abertura do Liberty , foi toda a dedicação e respeito que tenho pelo Sr Francisco ao longo destes 20 anos de ginásio e a excelente localização. 
A minha transladação para este Liberty prende-se exatamente ao mesmo fator. Numa situação diferente não me teria inscrito neste novo espaço. 
",O estacionamento é excelente mas não seria um fator preponderante na minha escolha ,"Pump, Hit, cycling, attack e jump... ",Instagram,,1
2023/07/31 20:10:32,46,Masculino,Cabeleireiro ,Melhorar a autoestima,Amigos de treino ,"Estacionamento gratuito, Dimensão do espaço",,"Instagram, Facebook, WhatsApp",Recomendação de um amigo,7
2023/07/31 20:19:05,33,Feminino,Engenheira,"Aumentar a flexibilidade, Recuperar a mobilidade, Acalmar o stress / Razões de Saúde Mental",os professores / aulas disponiveis ,"Dimensão do espaço, Condições dos balneários, Horários das aulas de grupo","pilates, localizada, pump, cycling",Instagram,Recomendação de um amigo,2
2023/07/31 20:28:12,31,Prefiro não dizer,IT,Aumentar a massa muscular,Amiga PT no ginásio ,Simpatia do staff,Não frequento ,Google,Recomendação de um amigo,6
2023/07/31 20:30:02,43,Feminino,Nutricionista ,"Previnir problemas de saúde, Acalmar o stress / Razões de Saúde Mental, Aumentar a massa muscular",A localização quando era no centro ,Estacionamento gratuito,Atack e pilates ,"Instagram, WhatsApp",Localização ,7
2023/07/31 20:44:51,63,Masculino,Reformado,"Aumentar a flexibilidade, Previnir problemas de saúde, Melhorar a autoestima",Professores. ,"Horários das aulas de grupo, Simpatia do staff, Presença de PTs e professores","Cycling, pilates e gap","Facebook, WhatsApp, Google",Pela localização quando estavam na av. Liberdade. ,8
2023/07/31 20:52:04,28,Masculino,Engenheiro Informático,"Perder peso, Aumentar a massa muscular","O principal motivo foi a proximidade da minha morada, era bem perto. Mas depois que me inscrevi passei a gostar do ambiente, máquinas e oferta de aulas (apesar de não frequentar).","Número de máquinas, Dimensão do espaço, Equipamentos especializados, O Open Box é uma excelente adição ai ginásio",,Instagram,Passava todos os dias na frente do ginásio,9
2023/07/31 20:54:31,22,Masculino,Contabilista,"Perder peso, Aumentar a flexibilidade, Previnir problemas de saúde, Aumentar a massa muscular, Melhorar a autoestima",mais próximo de casa,"Estacionamento gratuito, Dimensão do espaço",Yoga,"Instagram, TikTok, WhatsApp, Google, Twitter",Recomendação de um amigo,6
2023/07/31 21:05:22,36,Feminino,Enfermeira ,"Previnir problemas de saúde, Acalmar o stress / Razões de Saúde Mental, Melhorar a autoestima","Localização(quando era no centro)
Manter a minha ""segunda casa"" no momento",Equipamentos especializados,"Crosstraining, hitt","Instagram, Facebook, WhatsApp",Frequentava anterior liberty,2
2023/07/31 21:08:06,60,Masculino,Professor reformado.,"Previnir problemas de saúde, Aumentar a massa muscular",Localização (sou da época da Av. da Liberdade) e equipamentos. ,"Dimensão do espaço, Condições dos balneários, Pouco tempo de espera para usar as máquinas, Simpatia do staff",Não frequento. ,Instagram,Recomendação de um amigo,9
2023/07/31 21:18:14,42,Feminino,Bancária ,"Previnir problemas de saúde, Acalmar o stress / Razões de Saúde Mental",Localização ,Estacionamento gratuito,,Instagram,Instagram,4
2023/07/31 21:19:02,56,Feminino,Reformada,"Previnir problemas de saúde, Aumentar a massa muscular","No caso da primeira Liberty, foi a localização. ","Dimensão do espaço, Pouco tempo de espera para usar as máquinas, Simpatia do staff",Pilates,Instagram,Pesquisa Google,8
2023/07/31 21:20:46,35,Masculino,Administrativo,"Perder peso, Previnir problemas de saúde, Acalmar o stress / Razões de Saúde Mental, Melhorar a autoestima",Quando abriu tinha um mapa de aulas apelativo,"Dimensão do espaço, Horários das aulas de grupo, Simpatia do staff",Body Attack e Body Pump,"Instagram, Facebook, WhatsApp, Google, Twitter",Ja sou socio à muito tempo,7
2023/07/31 21:23:50,31,Masculino,Engenheiro informático ,Aumentar a massa muscular,,"Estacionamento gratuito, Número de máquinas, Dimensão do espaço, Condições dos balneários, Simpatia do staff",,"Instagram, Facebook, WhatsApp, Google",Parceiros,10
2023/07/31 21:35:42,33,Feminino,Enfermeira ,"Acalmar o stress / Razões de Saúde Mental, Melhorar a autoestima",Proximidade de casa e trabalho ,"Estacionamento gratuito, Horários das aulas de grupo, Equipamentos especializados",Hiit pilates localizada,"Instagram, Facebook",Recomendação de um amigo,10
2023/07/31 21:36:29,32,Feminino,Contabilista ,"Perder peso, Aumentar a massa muscular","O que me levou a escolher o Liberty foi as condições do ginásio ( boa limpeza , máquina novas) e a variedade e dos horários das aulas de grupo ","Estacionamento gratuito, Simpatia do staff, Valorizava as aulas de grupo que eram diversificadas e os horários que eram adaptados a todos quem saia as 18h consegui ir fazer as aulas das 18:30 e quem saia as 19h consegui ir fazer as aulas às 19:30, aos dias de hoje foram retiradas imensas aulas ( Pump) e foram alterados horários para as 18:15, o que faz com que seja impossível chegar ás aulas.","Localizada, Pump, pilates, glúteos",Instagram,Instagram,7
2023/07/31 21:38:27,57,Masculino,Enfermeiro,"Perder peso, Previnir problemas de saúde, Aumentar a massa muscular",Localização ,"Estacionamento gratuito, Simpatia do staff, Acompanhamento dado a iniciantes, Presença de PTs e professores",,"Instagram, Facebook, WhatsApp, Google",Recomendação de um amigo,8
2023/07/31 21:39:01,38,Masculino,Recepcionista,"Perder peso, Recuperar a mobilidade, Previnir problemas de saúde",Boas referências de outros membros ,"Simpatia do staff, Equipamentos especializados",Crosstraining plus45 localizada,"Instagram, Facebook, WhatsApp, Telegram",Recomendação de um amigo,10
2023/07/31 21:48:58,29,Feminino,Designer ,Aumentar a massa muscular,Preço ,"Estacionamento gratuito, Dimensão do espaço, Pouco tempo de espera para usar as máquinas",,Instagram,Pesquisa Google,10
2023/07/31 21:52:18,35,Masculino,Informática,"Perder peso, Aumentar a flexibilidade, Previnir problemas de saúde, Aumentar a massa muscular","Solinca, Gymtonico","Estacionamento gratuito, Simpatia do staff, Presença de PTs e professores",,"Instagram, Facebook, TikTok, WhatsApp, Telegram, Google",Recomendação de um amigo,7
2023/07/31 22:00:02,50,Feminino,Chef de cozinha ,Aumentar a massa muscular,Perto do trabalho ,Simpatia do staff,,"Instagram, WhatsApp",Recomendação de um amigo,9
2023/07/31 22:01:33,49,Masculino,gestor,"Perder peso, Aumentar a flexibilidade",Boa relação qualidade/preço,"Número de máquinas, Horários das aulas de grupo, Simpatia do staff",cycling,"Instagram, Facebook, WhatsApp, Google",Recomendação de um amigo,8
2023/07/31 22:11:38,35,Feminino,,"Perder peso, Acalmar o stress / Razões de Saúde Mental, Aumentar a massa muscular, Melhorar a autoestima",Preço,,Body attack e body pump,"Instagram, WhatsApp",,3
2023/07/31 22:12:31,50,Feminino,,"Previnir problemas de saúde, Aumentar a massa muscular","Era um ginásio central e familiar!
Agora não é.","Estacionamento gratuito, Presença de PTs e professores",Cross e cycing   Mas fizeram o favor de tirar o Cross ,"Instagram, Facebook, WhatsApp, Google",Conhecia o espaço ,1
2023/07/31 22:38:22,73 anos em 5 Agosto 2023,Masculino,Aposentado da G.N.R.,"Aumentar a flexibilidade, Previnir problemas de saúde, Aumentar a massa muscular",É o primeiro ginásio que me escrevi,"Estacionamento gratuito, Número de máquinas, Dimensão do espaço, Condições dos balneários, Pouco tempo de espera para usar as máquinas, Horários das aulas de grupo, Simpatia do staff, Equipamentos especializados, Acompanhamento dado a iniciantes, Presença de PTs e professores",Cycling ,Google,Não havia ginasio q.m.inscrevi,10
2023/07/31 22:46:32,34,Masculino,Administrativo,"Perder peso, Aumentar a flexibilidade",Proximidade e as aulas de CrossFit que infelizmente se lembraram de acabar! ,Estacionamento gratuito,CrossFit ,"Instagram, WhatsApp",Recomendação de um amigo,7
2023/07/31 22:46:43,,,,,,,,,,
2023/07/31 23:01:29,29,Feminino,Farmacêutica,"Previnir problemas de saúde, Aumentar a massa muscular, Melhorar a autoestima",Localização (quando era na avenida da liberdade),"Horários das aulas de grupo, Simpatia do staff, Presença de PTs e professores","Body Pump, cycling e localizada",Instagram,Recomendação de um amigo,9
2023/07/31 23:04:07,27,Masculino,Psicólogo ,"Perder peso, Aumentar a flexibilidade, Recuperar a mobilidade, Previnir problemas de saúde, Acalmar o stress / Razões de Saúde Mental, Aumentar a massa muscular, Melhorar a autoestima","Qualidade, simpatia, fácil acesso ","Estacionamento gratuito, Dimensão do espaço, Pouco tempo de espera para usar as máquinas, Simpatia do staff, Presença de PTs e professores",,"Instagram, Facebook, TikTok, WhatsApp, Twitter",Parceiros,10
2023/07/31 23:24:40,60,Masculino,Reformado ,"Previnir problemas de saúde, Aumentar a massa muscular",Já era sócio na antiga unidade no Centro. Foram a localização e facilidade de acesso os atrativos iniciais. ,"Estacionamento gratuito, Número de máquinas, Dimensão do espaço, Pouco tempo de espera para usar as máquinas, Simpatia do staff",Express de abdomem. ,WhatsApp,Procura pessoal. ,10
2023/07/31 23:26:53,,,,"Aumentar a flexibilidade, Previnir problemas de saúde",A sua anterior localização ,"Pouco tempo de espera para usar as máquinas, Simpatia do staff, Equipamentos especializados, Conhecimento do staff e usuários ",,,,8
2023/07/31 23:32:15,43,Feminino,Store manager ,Acalmar o stress / Razões de Saúde Mental,"Ambiente familiar que o ginásio tinha, entre alunos e os profissionais. ","Horários das aulas de grupo, Simpatia do staff","Hit, cycling, pump ",Instagram,Já era cliente ,2
2023/07/31 23:37:35,51,Feminino,Professora,"Aumentar a flexibilidade, Acalmar o stress / Razões de Saúde Mental, Aumentar a massa muscular",Localização.,"Estacionamento gratuito, Horários das aulas de grupo, Simpatia do staff, Presença de PTs e professores","Pilates. localizada, GAP, Glúteos six Pack","Facebook, WhatsApp, Google",Recomendação de um amigo,10
2023/07/31 23:57:19,51,Feminino,Professora,"Perder peso, Previnir problemas de saúde, Acalmar o stress / Razões de Saúde Mental, Aumentar a massa muscular",A localização no centro da cidade (na altura em que me inscrevi),"Estacionamento gratuito, Número de máquinas, Simpatia do staff, Ambiente agradável ",,Instagram,localização perto do meu emprego,8
2023/08/01 00:00:36,47,Feminino,Professora,"Aumentar a flexibilidade, Previnir problemas de saúde, Aumentar a massa muscular",Já frequentava o LIBERTY nas instalações anteriores.,"Estacionamento gratuito, Horários das aulas de grupo, Simpatia do staff","Pilates, zumba e cycling","Instagram, Facebook, WhatsApp",Conhecia o espaço anterior.,10
2023/08/01 00:16:30,32,Masculino,Contabilista ,"Previnir problemas de saúde, Acalmar o stress / Razões de Saúde Mental, Aumentar a massa muscular","Sou cliente desde o antigo Liberty, neste momento o ginásio não me cativa da mesma forma. Pelo contrário, vou porque tenho hábitos de treino constantes. Tornou-se num ginásio normal. ","Estacionamento gratuito, Dimensão do espaço, Horários das aulas de grupo",Cycling,"Facebook, WhatsApp, Google",Qualidade/preço ,5
2023/08/01 00:33:15,55,Feminino,Licenciada em ed. fidica,"Recuperar a mobilidade, Previnir problemas de saúde, Acalmar o stress / Razões de Saúde Mental, Aumentar a massa muscular, Melhorar a autoestima",Continuar com o mesmo PT,Presença de PTs e professores,Cycling,"Instagram, Facebook, WhatsApp",Parceiros,7
2023/08/01 01:31:01,33,Masculino,Vigilante ,"Perder peso, Acalmar o stress / Razões de Saúde Mental, Aumentar a massa muscular, Melhorar a autoestima",Na altura por ser perto de casa,"Estacionamento gratuito, Número de máquinas, Dimensão do espaço, Simpatia do staff",,"Instagram, WhatsApp, Google",Recomendação de um amigo,10
2023/08/01 02:22:06,25,Feminino,Informático,"Previnir problemas de saúde, Aumentar a massa muscular, Melhorar a autoestima",Que estava no centro.,"Condições dos balneários, Simpatia do staff, Acompanhamento dado a iniciantes, Presença de PTs e professores",Nao.,"Instagram, Facebook, WhatsApp, Telegram, Google",Pesquisa Google,10
2023/08/01 06:44:56,43,Masculino,Cabeleireiro ,"Aumentar a flexibilidade, Recuperar a mobilidade, Previnir problemas de saúde, Aumentar a massa muscular, Melhorar a autoestima",Na altura a localização ,"Dimensão do espaço, Horários das aulas de grupo, Presença de PTs e professores",Crosstraining ,"Instagram, Facebook",Visibilidade que tinha na avenida da liberdade ,7
2023/08/01 07:34:45,59,Feminino,Funcionária Pública ,"Perder peso, Previnir problemas de saúde, Aumentar a massa muscular",Era perto de casa e do local de trabalho,"Estacionamento gratuito, Pouco tempo de espera para usar as máquinas, Simpatia do staff, Acompanhamento dado a iniciantes, Presença de PTs e professores",,,Recomendação de um amigo,8
2023/08/01 08:35:42,56,Feminino,contabilista,"Perder peso, Aumentar a flexibilidade, Recuperar a mobilidade, Previnir problemas de saúde, Acalmar o stress / Razões de Saúde Mental, Aumentar a massa muscular, Melhorar a autoestima",1º pela localização e depois pelas condições do ginásio,"Estacionamento gratuito, Número de máquinas, Dimensão do espaço, Pouco tempo de espera para usar as máquinas, Horários das aulas de grupo, Simpatia do staff",CICLING,"Instagram, Facebook, WhatsApp",Pela localização das 1ªs instalações,8
2023/08/01 08:57:40,71 anos,Masculino,Aposentado,,,Simpatia do staff,Cycling ,Facebook,Recomendação de um amigo,10
2023/08/01 09:17:09,38,Feminino,Programadora software,"Perder peso, Acalmar o stress / Razões de Saúde Mental, Aumentar a massa muscular, Melhorar a autoestima",a variedade diversa de aulas que tinha no final da tarde (porque neste momento já não tem). Nisso piorou. O numero de aulas ao final da tarde diminuiu.,"Estacionamento gratuito, Dimensão do espaço, Horários das aulas de grupo",Pump e attack,"Instagram, Facebook, WhatsApp, Google",,4
2023/08/01 09:17:31,38,Feminino,Gestora de Projetos Educativos,"Perder peso, Acalmar o stress / Razões de Saúde Mental, Aumentar a massa muscular",Já estava inscrita no anterior Liberty e dei seguimento à inscrição por querer manter-me no mesmo espaço e com as mesmas pessoas (colegas e professores).,"Estacionamento gratuito, Número de máquinas, Horários das aulas de grupo, Professores profissionais nas aulas de grupo, embora dois dos professores das aulas que frequentava tenham saído, o que me leva a desmotivar de frequentar o ginásio (André e Marco).","Body Attack; Cycling, Cross Training e Zumba.","Instagram, Facebook, WhatsApp, Google","Já conhecia do outro espaço, no centro.",7
2023/08/01 09:29:02,40,Masculino,Engenheiro civil,"Previnir problemas de saúde, Aumentar a massa muscular",Considero que foi e continua a ser o que mais me agradou.,"Estacionamento gratuito, Condições dos balneários, Simpatia do staff, Profissionalismo da administração perceptível nos detalhes.  ",,"Instagram, WhatsApp",Venho do antigo Liberty.,10
2023/08/01 09:38:06,49,Feminino,Técnica Superior - Função Pública,"Aumentar a flexibilidade, Aumentar a massa muscular",Qualificação e qualidade do trabalho do pessoal técnico,"Estacionamento gratuito, Número de máquinas, Dimensão do espaço, Horários das aulas de grupo, Simpatia do staff, Equipamentos especializados, Acompanhamento dado a iniciantes, Presença de PTs e professores, qualidade e profissionalismo do pessoal técnico","Pilates, localizada e cycling","Instagram, Facebook",Recomendação de um amigo,10
2023/08/01 09:52:45,44,Masculino,Contabilista,"Perder peso, Recuperar a mobilidade, Previnir problemas de saúde, Acalmar o stress / Razões de Saúde Mental, Melhorar a autoestima",Opiniões favoráveis de amigos,Tudo,,"Instagram, Facebook, WhatsApp",Recomendação de um amigo,10
2023/08/01 10:03:25,33,Feminino,Engenheira Civil,"Perder peso, Previnir problemas de saúde, Acalmar o stress / Razões de Saúde Mental, Aumentar a massa muscular, Melhorar a autoestima","A localização, quando o liberty estava no centro. Quando mudou de instalações mantive-me por causa dos professores das aulas de grupo (Mathieu, Dulce, António, Carlos, André Silva, André Ferreira e Marco Poço).
A quantidade/variedade de aulas de grupo disponíveis a partir das 18:30.","Condições dos balneários, Horários das aulas de grupo, Simpatia do staff, Variedade das aulas de grupo ao final do dia.","Cross, Pump, Localizada, Pilates e Cycling","Instagram, WhatsApp, Google",Sou sócia fundadora do liberty do centro,4
2023/08/01 10:07:24,30,Feminino,Assistente empresarial,"Perder peso, Acalmar o stress / Razões de Saúde Mental, Aumentar a massa muscular","Variedade de aulas de grupo, com horários acessíveis e compatíveis com o horário de trabalho, e a curta distância da residência.","Estacionamento gratuito, Condições dos balneários, Horários das aulas de grupo","Body attack, body pump, glúteos/sixpack, localizada, 3B e pilates","Instagram, Facebook, Google",Recomendação de um amigo,7
2023/08/01 10:16:13,37,Feminino,Caixa,"Perder peso, Previnir problemas de saúde, Acalmar o stress / Razões de Saúde Mental, Melhorar a autoestima",Preço e localização ,"Número de máquinas, Dimensão do espaço, Condições dos balneários",,"Instagram, WhatsApp",Publicidade em casa,10
2023/08/01 10:33:30,54 anos ,Feminino,Operária especializada 1°,Perder peso,Variedade das aulas de grupo,Presença de PTs e professores,Body Pump e Cycling ,"Instagram, Facebook",Recomendação de família ,8
2023/08/01 10:38:01,49,Feminino,socia gerente / enfermeira,"Perder peso, Aumentar a flexibilidade, Recuperar a mobilidade, Previnir problemas de saúde, Aumentar a massa muscular, Melhorar a autoestima",Localização e boas referencias,"Estacionamento gratuito, Número de máquinas, Dimensão do espaço, Pouco tempo de espera para usar as máquinas",,Facebook,Recomendação de um amigo,8
2023/08/01 10:53:48,57,Feminino,Administrativa,"Previnir problemas de saúde, Aumentar a massa muscular",,Estacionamento gratuito,,"Instagram, WhatsApp, Google",Parceiros,5
2023/08/01 11:45:46,56,Feminino,professora ensino secundário,"Perder peso, Aumentar a flexibilidade, Previnir problemas de saúde, Acalmar o stress / Razões de Saúde Mental",Desafio de amiga cliente,"Estacionamento gratuito, Número de máquinas, Dimensão do espaço, Simpatia do staff, Equipamentos especializados",Pilates e cycling,"WhatsApp, Google",Recomendação de um amigo,10
2023/08/01 13:42:49,34,Feminino, ,"Perder peso, Previnir problemas de saúde, Aumentar a massa muscular",Estou inscrita desde o início. ,"Estacionamento gratuito, Número de máquinas, Dimensão do espaço, Pouco tempo de espera para usar as máquinas, Simpatia do staff","Localizada, 3B, Zumba, Pilates","WhatsApp, Google",Estou inscrita desde o início ,8
2023/08/01 13:49:50,35,Feminino,Contabilista,"Perder peso, Previnir problemas de saúde",A equipa e a oferta serviço de qualidade ,Horários das aulas de grupo,Cicling ,Instagram,Recomendação de um amigo,7
2023/08/01 14:20:16,23,Feminino,Engenheira de Polímeros ,"Previnir problemas de saúde, Aumentar a massa muscular",Qualidade de preço,"Estacionamento gratuito, Número de máquinas, Pouco tempo de espera para usar as máquinas, Horários das aulas de grupo, Equipamentos especializados, Mensalidade ","Localizada, Gap, Glúteos e sixpack","Instagram, Facebook",Pesquisa Google,7
2023/08/01 14:41:34,37,Masculino,Reporter de Imagem,"Aumentar a flexibilidade, Previnir problemas de saúde, Acalmar o stress / Razões de Saúde Mental",Inicialmente a localização,"Dimensão do espaço, Condições dos balneários, Simpatia do staff, Equipamentos especializados, Presença de PTs e professores",,"Instagram, WhatsApp",Regus,10
2023/08/01 15:09:01,49,Masculino,Professor,"Perder peso, Aumentar a flexibilidade, Recuperar a mobilidade, Previnir problemas de saúde, Acalmar o stress / Razões de Saúde Mental, Aumentar a massa muscular, Melhorar a autoestima",Localização + aulas de pilates,"Horários das aulas de grupo, Simpatia do staff",Pilates & Cycling,"WhatsApp, Twitter",Moro perto das antigas instalações,7
2023/08/01 15:15:02,36,Masculino,Mecânico ,Aumentar a massa muscular,Localização ,"Estacionamento gratuito, Dimensão do espaço",Cycling ,"Instagram, WhatsApp, Telegram, Google",Recomendação de um amigo,6
2023/08/01 15:27:22,29,Masculino,,"Perder peso, Previnir problemas de saúde, Aumentar a massa muscular",Preço acessível e era o mais perto.,"Simpatia do staff, Presença de PTs e professores",Body Pump,,Recomendação de um amigo,8
2023/08/01 15:39:33,44,Feminino,Professora ,"Perder peso, Aumentar a massa muscular, Melhorar a autoestima","Já frequentava, custo mensalidade, Horários das aulas da manhã e professores/ instrutores da manhã ","Dimensão do espaço, Horários das aulas de grupo, Simpatia do staff, Presença de PTs e professores","HIIT, Body Attack","Facebook, WhatsApp",Recomendação de um amigo,9
2023/08/01 15:45:20,23,Feminino,Jurista,"Aumentar a flexibilidade, Aumentar a massa muscular",Localização.,"Número de máquinas, Horários das aulas de grupo, Localização.","Cycling, hit",Instagram,Recomendação de um amigo,6
2023/08/01 15:57:30,34,Masculino,Médico ,"Aumentar a massa muscular, Melhorar a autoestima",Preço e localização (antiga),"Estacionamento gratuito, Dimensão do espaço, Pouco tempo de espera para usar as máquinas",,Instagram,Recomendação de um amigo,8
2023/08/01 16:11:24,53,Feminino,Administrativa,"Aumentar a flexibilidade, Previnir problemas de saúde, Aumentar a massa muscular",a localização,"Estacionamento gratuito, Horários das aulas de grupo, Acompanhamento dado a iniciantes, Presença de PTs e professores, embora de momento não gostar do horário","Pilates, Localizada, Body Pump","Instagram, Facebook, WhatsApp",Recomendação de um amigo,6
2023/08/01 16:15:28,50,Feminino,Gerente de produto,"Perder peso, Previnir problemas de saúde, Aumentar a massa muscular",A localização.,"Estacionamento gratuito, Dimensão do espaço",N/A,"Instagram, WhatsApp",Recomendação de um amigo,1
2023/08/01 16:38:57,36,Feminino,COMERCIAL,Aumentar a massa muscular,O BOM NOME QE TINHA EM AULAS DE GRUPO,NESTE MOMENTO ESTOU TAO DESILUDIDA QUE NADA,eu gostava de frequentar aulas como as que tinham no outro ginásio / única resposta que tenho neste momento para vos dar,"Instagram, Facebook",pessoas que frequentavam as vossas aulas no outro ginásio e adoravam!,1
2023/08/01 16:53:01,33,Feminino,Medica,"Perder peso, Acalmar o stress / Razões de Saúde Mental",Preço ,"Estacionamento gratuito, Horários das aulas de grupo",Pilates e cycling,"Instagram, Facebook, WhatsApp",Facebook,6
2023/08/01 16:53:30,33,Feminino,,"Aumentar a flexibilidade, Aumentar a massa muscular",Ambiente,"Estacionamento gratuito, Presença de PTs e professores",3B e cycling,WhatsApp,Recomendação de um amigo,7
2023/08/01 16:55:36,35,Feminino,,"Perder peso, Aumentar a massa muscular",Localização ,"Estacionamento gratuito, Presença de PTs e professores",,"Instagram, WhatsApp",Recomendação de um amigo,7
2023/08/01 17:03:19,49,Masculino,Diretor industrial,"Aumentar a flexibilidade, Recuperar a mobilidade, Previnir problemas de saúde",,"Estacionamento gratuito, Número de máquinas, Dimensão do espaço, Condições dos balneários, Pouco tempo de espera para usar as máquinas, Simpatia do staff",,,Recomendação de um amigo,7
2023/08/01 17:22:06,29,Feminino,Auxiliar Serviços Gerais ,Aumentar a massa muscular,Perto de casa ,"Estacionamento gratuito, Número de máquinas, Dimensão do espaço, Presença de PTs e professores",,"Instagram, TikTok",Recomendação de um amigo,10
2023/08/01 17:32:49,43,Masculino,Diretor Geral,"Perder peso, Aumentar a flexibilidade, Previnir problemas de saúde, Acalmar o stress / Razões de Saúde Mental","Venho do "" antigo"" liberty iludido que tudo seria igual","aulas das 7.15, Sabádo e Domingo",Cycling e Pilates,"Instagram, Facebook, WhatsApp",Recomendação de um amigo,1
2023/08/01 17:49:24,61,Masculino,ENGENHEIRO REFORMADO,Previnir problemas de saúde,Próximo a minha residência ,Estacionamento gratuito,,,Visitando os ginásios mais próximos ,7
2023/08/01 18:07:21,37,Masculino,Segurança ,Aumentar a massa muscular,Os maquinários,"Número de máquinas, Dimensão do espaço, Condições dos balneários",,"Instagram, WhatsApp",Recomendação de um amigo,10
2023/08/01 18:27:39,45,Feminino,Professor ,"Aumentar a flexibilidade, Previnir problemas de saúde, Acalmar o stress / Razões de Saúde Mental, Aumentar a massa muscular, Melhorar a autoestima",Unicamente por continuidade do espaço anterior. ,Estacionamento gratuito,"Bodypump, Localizada e Pilates ","Instagram, WhatsApp, Google","Já conhecia do espaço anterior e o liberty atual pouco tem a ver com o anterior, infelizmente ",1
2023/08/01 18:32:40,26,Feminino,Médica ,"Aumentar a massa muscular, Melhorar a autoestima",Preço ,"Estacionamento gratuito, Simpatia do staff",,"Instagram, Facebook, WhatsApp, Google",Pesquisa Google,8
2023/08/01 18:33:20,50,Feminino,Coordenadora,"Perder peso, Aumentar a flexibilidade, Aumentar a massa muscular",Proximidade,"Estacionamento gratuito, Horários das aulas de grupo","Pump, hit, plus",WhatsApp,Pesquisa Google,7
2023/08/01 19:58:49,76 anos,Masculino,contabilista,"Perder peso, Aumentar a flexibilidade, Aumentar a massa muscular","Antes era o local mais perto a preço acessível, agora que estou habitado ...","Condições dos balneários, Simpatia do staff, Acompanhamento dado a iniciantes",,,Recomendação de um amigo,8
2023/08/01 20:27:34,52,Masculino,Restaurador de arte sacra,"Perder peso, Acalmar o stress / Razões de Saúde Mental, Aumentar a massa muscular",Fica perto de casa,"Número de máquinas, Dimensão do espaço, Condições dos balneários, Simpatia do staff, Acompanhamento dado a iniciantes, Presença de PTs e professores",,Facebook,Morar à beira ,10
2023/08/01 20:31:43,45,Feminino,Marketing ,"Aumentar a massa muscular, Melhorar a autoestima",Indicações ,"Dimensão do espaço, Horários das aulas de grupo, Presença de PTs e professores",,Instagram,Recomendação de um amigo,8
2023/08/01 21:02:13,40,Feminino,Empregada de balcão ,"Previnir problemas de saúde, Aumentar a massa muscular, Melhorar a autoestima",Para mim tornou se a minha segunda casa,"Estacionamento gratuito, Número de máquinas, Condições dos balneários, Horários das aulas de grupo, Simpatia do staff, Presença de PTs e professores","Hitt,cross,cycling","Instagram, Facebook, WhatsApp",Recomendação de um amigo,10
2023/08/01 21:35:51,27,Feminino,Vendedor ,Aumentar a massa muscular,"Melhorem pf o escoamento da água nos chuveiros. Queria dar os parabéns pela simpatia, amabilidade e disponibilidade da vossa equipa. Já estive noutro ginásio e nunca me senti tão à vontade, os vossos instrutores/pts são na maioria incríveis.","Estacionamento gratuito, Dimensão do espaço, Simpatia do staff, Presença de PTs e professores",Body pump,"Instagram, WhatsApp",Recomendação de um amigo,8
2023/08/01 21:51:23,31,Feminino,Engenheira ,"Perder peso, Aumentar a massa muscular","Espaço, localização ","Estacionamento gratuito, Número de máquinas, Dimensão do espaço",,"Instagram, Facebook, TikTok, WhatsApp",Instagram,9
2023/08/01 22:13:06,25,Feminino,Engenharia,"Aumentar a flexibilidade, Previnir problemas de saúde, Acalmar o stress / Razões de Saúde Mental, Aumentar a massa muscular","Localização, ser perto de casa","Estacionamento gratuito, Presença de PTs e professores","Pilates, Yoga e 3B",Instagram,Facebook,5
2023/08/01 22:34:25,34,Masculino,Gestor de conta,"Aumentar a massa muscular, Melhorar a autoestima","Fui influenciado por amigos. Depois mantive me pelo ambiente que tinha, especialmente alunos e personal trainers. Atualmente já não é a mesma coisa. Ambiente já não é o mesmo. Estou neste ginásio há mais de 6 anos.","Estacionamento gratuito, O que mais valorizava era o companhamento que há uns anos atrás existia dos personal trainas que faziam sala. Neste momento a maior parte deles está preocupado em falar com raparigas, deixando a sala desarrumada e ignorando por completo as pessoas que precisam de ajuda.","Frequentava Body pump e cycling, com um professor que entretanto saio. Não gostei do facto de terem reduzido ao número de aulas.","Instagram, WhatsApp, Google",Recomendação de um amigo,4
2023/08/01 22:37:46,15,Feminino,Estudante ,"Previnir problemas de saúde, Acalmar o stress / Razões de Saúde Mental, Aumentar a massa muscular",Familiares ,Estacionamento gratuito,Não ,"Instagram, WhatsApp",Recomendação de um amigo,2
2023/08/01 23:18:12,53,Feminino,Administrativa,"Aumentar a flexibilidade, Previnir problemas de saúde, Aumentar a massa muscular","Proximidade casa. Oferta de aulas de grupo,  excelentes instrutores a dar aulas","Estacionamento gratuito, Número de máquinas, Dimensão do espaço, Condições dos balneários, Pouco tempo de espera para usar as máquinas, Horários das aulas de grupo, Simpatia do staff","Pump, cycling, localizada, pilates","Instagram, Facebook, WhatsApp",Recomendação de um amigo,10
2023/08/02 00:05:16,50,Feminino,Fisioterapeuta ,"Perder peso, Previnir problemas de saúde",As opções de aula de  grupos como zumba ,"Estacionamento gratuito, Equipamentos especializados",Zumba localizado e 3 b ,"Instagram, Facebook, WhatsApp",Inauguração ,10
2023/08/02 04:10:35,64,Feminino,Notário ,"Aumentar a flexibilidade, Recuperar a mobilidade, Previnir problemas de saúde, Acalmar o stress / Razões de Saúde Mental, Aumentar a massa muscular, Melhorar a autoestima",Aulas de Pilates,"Estacionamento gratuito, Número de máquinas, Horários das aulas de grupo, Simpatia do staff, Presença de PTs e professores",Pilates,"Instagram, Facebook, WhatsApp, Google",Recomendação de um amigo,10
2023/08/02 06:51:58,50,Feminino,Funcionária Pública,"Perder peso, Previnir problemas de saúde",Já frequentava o Liberty Fitness no centro da cidade,Professor da aula de Pilates,Pilates,"Instagram, WhatsApp",Através do ginásio,8
2023/08/02 08:48:33,47,Masculino,Gestor,"Perder peso, Aumentar a flexibilidade, Aumentar a massa muscular",Localização,"Estacionamento gratuito, Dimensão do espaço, Horários das aulas de grupo",Cycling,"Instagram, Facebook, WhatsApp, Google, Twitter",Recomendação de um amigo,7
2023/08/02 09:22:15,37,Feminino,Artista visual,"Previnir problemas de saúde, Acalmar o stress / Razões de Saúde Mental, Aumentar a massa muscular, Melhorar a autoestima","As aulas em grupo são um diferencial, e a equipa também é muito prestativa, profissionais muito bons","Número de máquinas, Dimensão do espaço, Condições dos balneários, Pouco tempo de espera para usar as máquinas, Horários das aulas de grupo, Simpatia do staff, Equipamentos especializados, Acompanhamento dado a iniciantes, Presença de PTs e professores",Cycling e yoga,"Instagram, TikTok, WhatsApp, Google, Twitter",Instagram,10
2023/08/02 09:30:55,19,Feminino,.,"Aumentar a massa muscular, Melhorar a autoestima",localização antiga ,Simpatia do staff,.,"Instagram, TikTok, WhatsApp, Twitter",Recomendação de um amigo,8
2023/08/02 09:48:54,50,Masculino,hotelaria,"Aumentar a flexibilidade, Aumentar a massa muscular",espaço agradavel e bom estacionamento,"Estacionamento gratuito, Horários das aulas de grupo",bike,Facebook,Recomendação de um amigo,9
2023/08/02 09:50:34,23,Feminino,Estudante ,"Perder peso, Previnir problemas de saúde, Aumentar a massa muscular",Instalações e alguns profissionais ,"Estacionamento gratuito, Número de máquinas, Acompanhamento dado a iniciantes, Presença de PTs e professores",Pump ,"Instagram, TikTok, WhatsApp",Recomendação de um amigo,8
2023/08/02 10:27:49,58,Masculino,,"Perder peso, Aumentar a flexibilidade, Recuperar a mobilidade, Previnir problemas de saúde",Amigos inscritos ,"Estacionamento gratuito, Número de máquinas, Dimensão do espaço, Pouco tempo de espera para usar as máquinas",Não frequento,"Instagram, Facebook, TikTok, WhatsApp, Telegram, Google, Twitter",Recomendação de um amigo,6
2023/08/02 11:19:45,30,Feminino,,"Aumentar a flexibilidade, Aumentar a massa muscular",É perto de casa,"Horários das aulas de grupo, Simpatia do staff, Presença de PTs e professores",Body Attack,"Instagram, Facebook, WhatsApp, Telegram, Twitter",Recomendação de um amigo,8
2023/08/02 11:32:39,29,Masculino,Assisntente administrativo,"Perder peso, Aumentar a flexibilidade, Previnir problemas de saúde, Aumentar a massa muscular, Melhorar a autoestima",O principal motivo foi o facto de ser perto de casa e ter bom estacionamento/acessos.,"Estacionamento gratuito, Número de máquinas, Dimensão do espaço, Condições dos balneários",,"Instagram, Facebook, TikTok, WhatsApp, Telegram, Google, Twitter",,5
2023/08/02 12:17:17,25,Feminino,Médica ,"Recuperar a mobilidade, Previnir problemas de saúde, Acalmar o stress / Razões de Saúde Mental, Melhorar a autoestima",Promoção em vigor na altura e bom feedback dos professores das aulas,Presença de PTs e professores,"Localizada, 3Bs, Body Pump, pilates ","Instagram, Facebook",Recomendação de um amigo,6
2023/08/02 13:37:31,39,Feminino,Administrativo ,Previnir problemas de saúde,Mapa de aulas de grupo ,Horários das aulas de grupo,3B/ZUMBA/BODY ATACK/PILATES,Facebook,,5
2023/08/02 13:37:50,,,,,,,,,,
2023/08/02 14:42:12,40,Masculino,fotografo,"Perder peso, Recuperar a mobilidade, Previnir problemas de saúde, Aumentar a massa muscular, Melhorar a autoestima",,"Estacionamento gratuito, Horários das aulas de grupo, Simpatia do staff",cycling Hitt crossfit,"Instagram, Facebook, WhatsApp, Google",Recomendação de um amigo,8
2023/08/02 17:41:15,28,Feminino,Lojista,"Perder peso, Previnir problemas de saúde, Aumentar a massa muscular, Melhorar a autoestima",Proximidade a casa,Proximidade,,Instagram,Recomendação de um amigo,6
2023/08/02 19:37:38,39,Feminino,Professora,Acalmar o stress / Razões de Saúde Mental,Amigos,"Horários das aulas de grupo, Cross","Body pump, Cross e pilates",Facebook,Recomendação de um amigo,7
2023/08/03 00:33:55,53,Feminino,,"Aumentar a flexibilidade, Aumentar a massa muscular",A boa relação entre o custo e a oferta de aulas existentes no Liberty ,"Horários das aulas de grupo, Simpatia do staff, Equipamentos especializados","Localizadas, pilates e adorava o cross ","Instagram, Facebook",Recomendação de um amigo,1
2023/08/03 03:24:03,23,Masculino,Assistente de loja,"Acalmar o stress / Razões de Saúde Mental, Aumentar a massa muscular, Melhorar a autoestima",Preço e condições do espaço,"Estacionamento gratuito, Número de máquinas, Dimensão do espaço, Condições dos balneários, Pouco tempo de espera para usar as máquinas, Simpatia do staff, Equipamentos especializados, Acompanhamento dado a iniciantes, Presença de PTs e professores",,"Instagram, TikTok, WhatsApp, Twitter",Instagram,10
2023/08/03 09:13:21,45,Masculino,Engenheiro ,"Perder peso, Previnir problemas de saúde, Aumentar a massa muscular, Melhorar a autoestima",Localização + mensalidade,"Estacionamento gratuito, Dimensão do espaço, Horários das aulas de grupo",Cycling,"Instagram, Facebook, WhatsApp, Google",Recomendação de um amigo,7
2023/08/03 14:51:15,18,Masculino,Dono da MidiaHost,"Previnir problemas de saúde, Acalmar o stress / Razões de Saúde Mental, Aumentar a massa muscular, Melhorar a autoestima",Devido há localização e espaços ,"Estacionamento gratuito, Condições dos balneários, Horários das aulas de grupo, Simpatia do staff, Acompanhamento dado a iniciantes, Presença de PTs e professores",,"Instagram, Facebook, TikTok, WhatsApp, Telegram, Google",Recomendação de um amigo,7
2023/08/03 17:14:46,33,Feminino,Enfermeira ,"Aumentar a flexibilidade, Recuperar a mobilidade, Aumentar a massa muscular",Localização ,"Estacionamento gratuito, Dimensão do espaço, Horários das aulas de grupo, Simpatia do staff, Presença de PTs e professores",Bodyatack e cycling,"Instagram, Facebook",Recomendação de um amigo,10
2023/08/03 18:26:18,36,Masculino,Professor,Aumentar a massa muscular,"Pessoas que já frequentavam o ginásio; aulas específicas do ginásio (HIIT, CROSS FIT).","Estacionamento gratuito, Pouco tempo de espera para usar as máquinas","HIIT, CROSS FIT, CYCLING","Instagram, Facebook, WhatsApp",Recomendação de um amigo,6
2023/08/03 23:30:10,43,Feminino,Cabeleireiro ,"Perder peso, Aumentar a flexibilidade, Recuperar a mobilidade, Previnir problemas de saúde, Acalmar o stress / Razões de Saúde Mental, Aumentar a massa muscular, Melhorar a autoestima",Primeiro foi porque era no centro da cidade perto do meu local de trabalho.Depois com a mudança continuei porque mesmo mais longe ainda é o mais perto.Mas muito também pelas pessoas e amizades feitas aí longo destes anos como sócia ,"Estacionamento gratuito, Número de máquinas, Dimensão do espaço, Condições dos balneários, Pouco tempo de espera para usar as máquinas, Horários das aulas de grupo, Simpatia do staff, Equipamentos especializados, Acompanhamento dado a iniciantes, Presença de PTs e professores",Cross training ,"Instagram, Facebook, WhatsApp",Recomendação de um amigo,9
2023/08/04 01:05:32,73 anos,Masculino,Aposentado da G.N.R ,"Aumentar a flexibilidade, Previnir problemas de saúde, Aumentar a massa muscular",Foi o primeiro e único ginásio que me inscrevi ,"Estacionamento gratuito, Número de máquinas, Dimensão do espaço, Condições dos balneários, Pouco tempo de espera para usar as máquinas, Horários das aulas de grupo, Simpatia do staff, Equipamentos especializados, Acompanhamento dado a iniciantes, Presença de PTs e professores",Saicling,Facebook,Inscrevi-me antes de haver o ginásio ,10
2023/08/04 11:31:18,44,Feminino,Recepcionista Hotel,"Previnir problemas de saúde, Acalmar o stress / Razões de Saúde Mental, Aumentar a massa muscular",Localização ,"Estacionamento gratuito, Horários das aulas de grupo, Simpatia do staff, Presença de PTs e professores","Body pumb, cycling, hitt","Instagram, Facebook",Recomendação de um amigo,8
2023/08/04 12:36:22,31,Feminino,Farmacêutica,"Aumentar a flexibilidade, Previnir problemas de saúde, Aumentar a massa muscular",Proximidade na altura com o meu local de trabalho e com a minha residência.,"Estacionamento gratuito, Horários das aulas de grupo, Presença de PTs e professores","Cycling, Body Pump, Localizada, Cross","Instagram, Facebook, WhatsApp",Recomendação de um amigo,6
2023/08/05 11:24:06,47,Masculino,Reformado,"Perder peso, Previnir problemas de saúde",Localização e preços ,Dimensão do espaço,,Instagram,Recomendação de um amigo,8
2023/08/05 12:19:16,21,Feminino,Estudante,"Previnir problemas de saúde, Aumentar a massa muscular","A proximidade da minha residência, permitindo me deslocar a pé",Estacionamento gratuito,,"Instagram, WhatsApp",Pesquisa Google,3
2023/08/05 17:34:55,46,Masculino,Vendedor,"Previnir problemas de saúde, Melhorar a autoestima",A sua localização (antiga) e o seu staff.,"Horários das aulas de grupo, Ambiente criado entre alunos.",Pilates,"Instagram, Facebook, WhatsApp, Telegram",Recomendação de um amigo,1
2023/08/06 00:07:44,34,Feminino,Professora,"Previnir problemas de saúde, Acalmar o stress / Razões de Saúde Mental, Aumentar a massa muscular",Recomendação por amigos,"Número de máquinas, Condições dos balneários, Simpatia do staff, Acompanhamento dado a iniciantes, Presença de PTs e professores",,"Instagram, Facebook, WhatsApp, Google",Recomendação de um amigo,10
2023/08/07 15:38:36,48,Feminino,Inspetora,"Aumentar a flexibilidade, Aumentar a massa muscular",Muito ,"Estacionamento gratuito, Dimensão do espaço, Condições dos balneários, Horários das aulas de grupo, Simpatia do staff, Acompanhamento dado a iniciantes",Pilates,"Instagram, WhatsApp",Recomendação de um amigo,9
2023/08/07 22:52:33,34,Feminino,Enfermeira,"Previnir problemas de saúde, Acalmar o stress / Razões de Saúde Mental",Localização ,Estacionamento gratuito,Plus 45 que acabou,"Instagram, Facebook, WhatsApp",Facebook,5
2023/08/08 09:56:58,31,Feminino,Engenheira ,Perder peso,Localização ,"Estacionamento gratuito, Dimensão do espaço, Horários das aulas de grupo","Cycling, localizada ","Instagram, Facebook, WhatsApp",Instagram,9
2023/08/08 10:10:17,22,Feminino,Estudante,"Acalmar o stress / Razões de Saúde Mental, Aumentar a massa muscular",Mais perto de casa; pessoas próximas eram sócios ,"Estacionamento gratuito, Pouco tempo de espera para usar as máquinas, Equipamentos especializados",,"Instagram, TikTok, WhatsApp, Twitter",Recomendação de um amigo,8
2023/08/09 01:20:45,40,Feminino,,"Recuperar a mobilidade, Previnir problemas de saúde, Aumentar a massa muscular","Já estive em 4 ginásios em Braga e como tinha a possibilidade de entrar na Liberty, sem fidelização decidi testar. Mesmo achando o espaço muito apertado e muito populada.","Estacionamento gratuito, Turma da Zumba com a Paula. Fiz grandes amizades na aula dela. Paula é uma simpatia, acolhedora, amável e agregadora.",Zumba,Instagram,,7
2023/08/09 16:38:42,36,Feminino,Empresária ,Perder peso,"No início a qualidade que demonstraram a ter. Infelizmente não conseguiram manter as expectativas, especialmente nas aulas de grupo, a falta de formação dos instrutores de sala, especialmente quando falamos em modalidades específicas. A falta de ar condicionado e calor absurdo que se sente dentro do ginásio que torna a experiência desagradável. 
O simples facto de terem enviado o questionário a um ex sócio só demonstra a falta de organização dentro do ginásio e de quem gere o espaço. ",Nada,Nenhuma,"Instagram, Facebook",Pesquisa Google,1
2023/08/10 21:06:22,23,Feminino,Estudante ,"Perder peso, Recuperar a mobilidade",Recomendação ,Horários das aulas de grupo,Ciclying e pilates ,Instagram,Recomendação de um amigo,9
2023/08/10 21:10:11,23,Feminino,Militar,"Perder peso, Aumentar a massa muscular, Melhorar a autoestima",Mais perto do meu local de trabalho e já lá estavam a treinar pessoas amigas ,"Número de máquinas, Dimensão do espaço, Pouco tempo de espera para usar as máquinas, Simpatia do staff",,"Instagram, Facebook, TikTok, WhatsApp, Twitter",Recomendação de um amigo,9
2023/08/10 21:11:58,37,Masculino,Analista de gestão ,"Perder peso, Previnir problemas de saúde, Aumentar a massa muscular, Melhorar a autoestima",Espaço e quantidade de equipamentos.,"Estacionamento gratuito, Número de máquinas, Dimensão do espaço, Condições dos balneários, Simpatia do staff, Acompanhamento dado a iniciantes",,"Instagram, Facebook, WhatsApp, Telegram, Google",Recomendação de um amigo,8
2023/08/10 21:15:44,26,Masculino,Gestor de área ,"Perder peso, Aumentar a massa muscular",Proximidade ,Estacionamento gratuito,,Instagram,Recomendação de um amigo,8
2023/08/10 21:23:07,41,Feminino,,"Perder peso, Aumentar a massa muscular","Dimensões, quantidades de máquinas musculação ","Estacionamento gratuito, Número de máquinas, Pouco tempo de espera para usar as máquinas, Presença de PTs e professores",Spin,"Instagram, Facebook, WhatsApp",Vim com o meu Pt,9
2023/08/10 21:23:49,53,Masculino,Comercial ,"Previnir problemas de saúde, Acalmar o stress / Razões de Saúde Mental",Novidade,Dimensão do espaço,,"Facebook, WhatsApp, Google",,10
2023/08/10 21:29:18,37,Masculino,Enfermeiro,"Recuperar a mobilidade, Previnir problemas de saúde, Acalmar o stress / Razões de Saúde Mental, Melhorar a autoestima",Proximidade da residência e custos,"Dimensão do espaço, Condições dos balneários",Nao tenho oportunidade de frequentar outra que nao a de pilates devido aos horarioa que tenho disponíveis. ,"Instagram, Facebook, WhatsApp, Google",Proximidade da residência,4
2023/08/10 21:30:25,36,Masculino,Empresário ,Previnir problemas de saúde,Casualidade ,Pouco tempo de espera para usar as máquinas,,WhatsApp,Pesquisa Google,7
2023/08/10 22:01:21,38,Masculino,Profissional de educação física ,"Perder peso, Aumentar a massa muscular",Espaço do treinamento resistido ,"Estacionamento gratuito, Número de máquinas, Dimensão do espaço",Não frequento ,Instagram,Pesquisa Google,8
2023/08/10 22:09:41,25,Feminino,Técnica de Unhas,"Acalmar o stress / Razões de Saúde Mental, Aumentar a massa muscular, Melhorar a autoestima",Próximo do trabalho ,"Estacionamento gratuito, Número de máquinas, Dimensão do espaço, Condições dos balneários",,"Instagram, WhatsApp",Recomendação de um amigo,8
2023/08/10 22:11:05,44,Feminino,Gestora,"Perder peso, Aumentar a massa muscular, Melhorar a autoestima",variedade de aulas de grupo e ginásio com mts maquinas,"Estacionamento gratuito, Número de máquinas, Dimensão do espaço, Pouco tempo de espera para usar as máquinas, Equipamentos especializados, Acompanhamento dado a iniciantes, Presença de PTs e professores",Body Pump,"Instagram, Facebook, WhatsApp",Recomendação de um amigo,8
2023/08/10 22:19:01,29,Masculino,Estudante,Previnir problemas de saúde,Proximidade de casa,"Pouco tempo de espera para usar as máquinas, Horários das aulas de grupo, Simpatia do staff",Yoga,Instagram,Vi as obras e as placas ,6
2023/08/10 23:01:30,32,Feminino,Designer,"Acalmar o stress / Razões de Saúde Mental, Aumentar a massa muscular",Inscrevi-me com amigas e não vi outras opções.,"Condições dos balneários, Horários das aulas de grupo, Simpatia do staff",yoga,"Instagram, Twitter",Recomendação de um amigo,10
2023/08/10 23:16:44,54,Feminino,Prof Ensino Secundário (Mat),"Perder peso, Aumentar a flexibilidade, Previnir problemas de saúde, Acalmar o stress / Razões de Saúde Mental, Aumentar a massa muscular","Por estar mais próximo de casa; pelo espaço ser amplo, embora não ter luz natural seja um ponto fraco.","Estacionamento gratuito, Número de máquinas, Dimensão do espaço, Pouco tempo de espera para usar as máquinas, Horários das aulas de grupo, Simpatia do staff, Equipamentos especializados, Acompanhamento dado a iniciantes, Presença de PTs e professores","cycling, aulas express","Instagram, Facebook, WhatsApp, Google",publicidade no exterior do ginásio e na caixa do correio.,8
2023/08/10 23:28:58,44,Feminino,,"Perder peso, Aumentar a flexibilidade, Recuperar a mobilidade, Previnir problemas de saúde, Acalmar o stress / Razões de Saúde Mental",Perto de casa ,"Dimensão do espaço, Condições dos balneários, Horários das aulas de grupo",Cycling e pilates ,Facebook,Recomendação de um amigo,9
2023/08/10 23:30:40,33,Masculino,Solutions Manager,"Aumentar a flexibilidade, Recuperar a mobilidade, Acalmar o stress / Razões de Saúde Mental, Aumentar a massa muscular, Melhorar a autoestima",Já era o ginásio que frequentava anteriormente ,"Estacionamento gratuito, Número de máquinas, Dimensão do espaço, Equipamentos especializados",,"Instagram, TikTok, WhatsApp, Google, Twitter",Recomendação de um amigo,8
2023/08/10 23:36:10,38,Masculino,Eng informático ,"Perder peso, Recuperar a mobilidade, Previnir problemas de saúde, Acalmar o stress / Razões de Saúde Mental, Aumentar a massa muscular","Localização, Personal Trainer, Protocolo com empregador ","Estacionamento gratuito, Número de máquinas, Dimensão do espaço, Presença de PTs e professores",,"WhatsApp, Telegram, Google, Twitter",Recomendação de um amigo,7
2023/08/11 00:49:08,44,Feminino,Metalúrgico ,"Perder peso, Aumentar a flexibilidade, Recuperar a mobilidade, Previnir problemas de saúde, Aumentar a massa muscular, Melhorar a autoestima",Estacionamento ,"Estacionamento gratuito, Pouco tempo de espera para usar as máquinas, Presença de PTs e professores, Horários flexíveis ",,"Instagram, Facebook, TikTok, WhatsApp, Google",Recomendação de um amigo,10
2023/08/11 06:35:40,31,Feminino,Designer,"Perder peso, Previnir problemas de saúde, Aumentar a massa muscular",Novas instalações e serviço de PT. ,"Estacionamento gratuito, Dimensão do espaço, Presença de PTs e professores",Yoga,"Instagram, WhatsApp, Google",Recomendação de um amigo,8
2023/08/11 08:03:45,34,Feminino,Financeira,"Perder peso, Previnir problemas de saúde, Acalmar o stress / Razões de Saúde Mental, Melhorar a autoestima",Mapa de aulas com muitas opções principalmente na hora de almoço e final da tarde,Horários das aulas de grupo,"GAP, localizada e cycling","Instagram, WhatsApp",Parceiros,5
2023/08/11 09:03:12,28,Feminino,Administrativa,"Perder peso, Acalmar o stress / Razões de Saúde Mental, Melhorar a autoestima",A proximidade à minha casa e o tamanho do ginásio.,Simpatia do staff,Cycling.,"Instagram, Facebook, WhatsApp, Twitter",Proximidade.,6
2023/08/11 09:22:53,33,Feminino,Economista,"Perder peso, Previnir problemas de saúde, Acalmar o stress / Razões de Saúde Mental",Localização e indicação de amigos,"Condições dos balneários, Horários das aulas de grupo",Zumba,"Instagram, WhatsApp, Twitter",Recomendação de um amigo,8
2023/08/11 11:03:23,29,Masculino,Músico,"Perder peso, Aumentar a flexibilidade, Previnir problemas de saúde, Acalmar o stress / Razões de Saúde Mental, Melhorar a autoestima",Distância,"Número de máquinas, Dimensão do espaço, Condições dos balneários, Pouco tempo de espera para usar as máquinas, Simpatia do staff, Equipamentos especializados",,Instagram,Recomendação de um amigo,10
2023/08/11 11:10:23,35,Masculino,Gestão de Operações,"Previnir problemas de saúde, Acalmar o stress / Razões de Saúde Mental",Perto de casa,perto de casa,,"WhatsApp, Telegram, Google",proximidade de casa,8
2023/08/11 11:25:24,29,Feminino,Psicóloga,"Perder peso, Previnir problemas de saúde, Acalmar o stress / Razões de Saúde Mental, Aumentar a massa muscular, Melhorar a autoestima",O espaço e as máquinas que dispõe; a grande oferta de aulas de grupo; e continuar a ser acompanhada pelo PT Diogo Ferreira ,"Estacionamento gratuito, Número de máquinas, Dimensão do espaço, Condições dos balneários, Horários das aulas de grupo, Simpatia do staff, Presença de PTs e professores",,"Instagram, WhatsApp",Pelo PT Diogo Ferreira,10
2023/08/11 12:00:33,00,Masculino,,Perder peso,Referência ,"Estacionamento gratuito, Número de máquinas, Dimensão do espaço, Condições dos balneários, Simpatia do staff",,"Instagram, WhatsApp, Google",Pesquisa Google,9
2023/08/11 14:44:17,27,Masculino,,Perder peso,Perto de casa,,,Instagram,Recomendação de um amigo,4
2023/08/11 15:01:25,23,Feminino,Estudante Universitário,"Perder peso, Previnir problemas de saúde, Aumentar a massa muscular",Fica muito perto de casa; preços acessíveis e instalções muito boas,"Número de máquinas, Dimensão do espaço, Condições dos balneários, Pouco tempo de espera para usar as máquinas, Horários das aulas de grupo, Simpatia do staff, Equipamentos especializados, Acompanhamento dado a iniciantes, Presença de PTs e professores",Cycling,"Instagram, Facebook, TikTok, WhatsApp",Parceiros,10
2023/08/11 15:08:42,,Feminino,,"Aumentar a massa muscular, Melhorar a autoestima",Variedade de aulas que neste momento não se pratica.,"Estacionamento gratuito, Dimensão do espaço, Simpatia do staff",Cycling e body jump que não existe neste momento ,Instagram,Recomendação de um amigo,7
2023/08/11 15:44:54,53,Feminino,Professor ,"Perder peso, Aumentar a flexibilidade, Acalmar o stress / Razões de Saúde Mental, Aumentar a massa muscular",Amigas que já frequentam o ginásio cycling ,"Estacionamento gratuito, Dimensão do espaço, Horários das aulas de grupo, Simpatia do staff","Cycling,  localizada,  pilates ","Instagram, Facebook, WhatsApp",Recomendação de um amigo,5
2023/08/11 17:53:14,43,Masculino,Operador logística ,Aumentar a massa muscular,Já treinei antes na antiga ,"Estacionamento gratuito, Simpatia do staff",,"Instagram, Facebook, WhatsApp, Google",Pesquisa Google,5
2023/08/11 21:56:15,31,Masculino,TI nerd,Previnir problemas de saúde,Localização ,Eu valorizaria a oportunidade de expor opiniões diferentes das que foram impostas no questionário ,Zumba - Paula,WhatsApp,Recomendação de um amigo,6
2023/08/11 23:07:44,54,Masculino,Eng. Informático,"Perder peso, Aumentar a flexibilidade, Previnir problemas de saúde, Acalmar o stress / Razões de Saúde Mental, Aumentar a massa muscular","Qualidade das instalações, profissionalismo dos professores e outros colaboradores e proximidade da residência.","Estacionamento gratuito, Número de máquinas, Dimensão do espaço, Condições dos balneários, Pouco tempo de espera para usar as máquinas, Horários das aulas de grupo, Simpatia do staff, Equipamentos especializados, Acompanhamento dado a iniciantes, Presença de PTs e professores",Cycling e aulas expresso,"Facebook, Google",Publicidade exterior.,8
2023/08/13 00:07:24,28,Feminino,Fisioterapia ,"Perder peso, Aumentar a flexibilidade, Previnir problemas de saúde, Acalmar o stress / Razões de Saúde Mental, Aumentar a massa muscular, Melhorar a autoestima","A instrutora Vitória, pois soube que era uma profissional impecável ","Estacionamento gratuito, Dimensão do espaço, Simpatia do staff, Equipamentos especializados",,"Instagram, TikTok, WhatsApp, Google, Twitter",Recomendação de um amigo,8
2023/08/13 19:07:08,25,Masculino,Arquiteto ,"Recuperar a mobilidade, Previnir problemas de saúde, Aumentar a massa muscular",Através do PT Diogo Ferreira.,"Número de máquinas, Dimensão do espaço, Pouco tempo de espera para usar as máquinas",,"Instagram, Facebook, WhatsApp",De ver na Avenida.,9